{"EA": [0.0, 0.0, 0.0, 0.04471144535522054, 0.09580463693548986, 0.0, 0.0, 0.0, 0.0, 0.0, 0.0, 0.0, 0.0, 0.0, 0.0, 0.0, 0.0, 0.0, 0.0, 0.0, 0.0, 0.0, 0.0, 0.0, 0.0, 0.0, 0.0, 0.0, 0.0, 0.0, 0.0, 0.0, 0.0, 0.0, 0.0, 0.0, 0.0, 0.0, 0.0, 0.0, 0.0, 0.0, 0.0, 0.0, 0.0, 0.0, 0.0, 0.0, 0.0, 0.0, 0.0, 0.0, 0.0, 0.0, 0.0, 0.0, 0.0, 0.0, 0.0, 0.0, 0.0, 0.0, 0.0, 0.0, 0.0, 0.0, 0.0, 0.0, 0.0, 0.0, 0.0, 0.0, 0.0, 0.0, 0.0, 0.0, 0.0, 0.1444500861116309, 0.0, 0.0, 0.0, 0.0, 0.0, 0.0, 0.0, 0.0, 0.0, 0.0, 0.0, 0.0, 0.0, 0.0, 0.0, 0.0, 0.0, 0.0, 0.0, 0.0, 0.0, 0.0, 0.0, 0.0, 0.0, 0.0, 0.0, 0.04665439459443683, 0.0, 0.0, 0.0, 0.0, 0.0, 0.0, 0.0, 0.0, 0.0, 0.0, 0.0, 0.0, 0.0, 0.0, 0.0, 0.0, 0.0, 0.0, 0.0, 0.0, 0.0, 0.0, 0.0, 0.0, 0.0, 0.0, 0.0, 0.0, 0.0, 0.0, 0.0, 0.0, 0.0, 0.0, 0.0, 0.0, 0.044647028308822036, 0.0, 0.0, 0.0, 0.0, 0.0, 0.0, 0.0, 0.04711744799636645, 0.0, 0.0, 0.0, 0.0, 0.0, 0.0, 0.0, 0.0, 0.0], "DT": [0.0, 0.04785976967911883, 0.0, 1.0, 1.0, 0.04661538999847025, 0.09568709511515117, 0.0, 0.05521245808669711, 0.0, 0.04836168926701116, 0.0, 0.04163247689004888, 0.0, 0.060952278129049894, 0.0, 0.06269581358134667, 0.0, 0.053935423018712264, 0.0, 0.05488590000406537, 0.0, 0.04428514851084689, 0.0, 0.04249615803396413, 0.0, 0.04674199826197092, 0.0, 0.05825675493239745, 0.0, 0.050051165305097935, 0.0, 0.0510379913064286, 0.0, 0.04898903673783053, 0.0, 0.05333528051734896, 0.0, 0.04296268112811723, 0.0, 0.0522883822721442, 0.0, 0.05075196893238104, 0.0, 0.04451327065716671, 0.0, 0.04437678954081066, 0.0, 0.05722169395990906, 0.0, 0.04530060106836323, 0.0, 0.05602317536287913, 0.0, 0.05101731817933612, 0.0, 0.05470642289030238, 0.0, 0.053776956129128785, 0.0, 0.0419449719502239, 0.0, 0.04794061516938766, 0.0, 0.054115524878725035, 0.0, 0.047611712766174416, 0.0, 0.05417782699174952, 0.11308864508442991, 0.0, 0.04493947812369917, 0.0, 0.04491403914727305, 0.0, 0.03674515095803494, 0.08285606752008057, 1.0, 0.055796649016821284, 0.10318303391422609, 0.0, 0.04355776310121338, 0.0, 0.050933833822385394, 0.0, 0.048239135082002046, 0.0, 0.05190098925502982, 0.0, 0.0429742003881777, 0.0, 0.047772487392996145, 0.0, 0.05583551457191818, 0.0, 0.04693605654757807, 0.0, 0.05661937401893607, 0.0, 0.05184336654436451, 0.0, 0.050877729149452544, 0.0, 0.04489383591434644, 0.0, 1.0, 0.05161622881454494, 0.09791206677470642, 0.0, 0.049981987304547164, 0.0, 0.05137755281174127, 0.0, 0.052614177440177504, 0.10321433407376882, 0.0, 0.043730958831033714, 0.0, 0.0558041339368926, 0.0, 0.05649369251971899, 0.0, 0.049302051859224136, 0.0, 0.053342039804711826, 0.0, 0.05062788226735772, 0.0, 0.055630585130076904, 0.0, 0.048596624615666134, 0.0, 0.04531385975583089, 0.0, 0.05623871036336867, 0.0, 0.046138479873367624, 0.0, 0.04222052176898187, 0.0, 0.04846609803564315, 0.0, 1.0, 0.04996964544230058, 0.1049298571899832, 0.0, 0.050269942092228966, 0.0, 0.050015230100767076, 0.0, 1.0, 0.044034700225448864, 0.09507016953661362, 0.0, 0.05092340152932454, 0.0, 0.05612313543613166, 0.0, 0.04708461280715531, 0.0], "D": [1.0, 0.9462879658144041, 1.0, 0.0, 0.0, 0.9530583814442043, 0.8975267065741741, 1.0, 0.9545176624531292, 1.0, 0.9480394592343392, 1.0, 0.9446373408278217, 1.0, 0.9450473183743465, 1.0, 0.9483775452108555, 1.0, 0.9557929778950369, 1.0, 0.9502099003223501, 1.0, 0.9517889368017414, 1.0, 0.9508251139905467, 1.0, 0.9607197204466266, 1.0, 0.9433658411693204, 1.0, 0.9450924567447602, 1.0, 0.9544249523359333, 1.0, 0.9489115939838638, 1.0, 0.9465042671095404, 1.0, 0.9464077788937377, 1.0, 0.9503482633225944, 1.0, 0.9517087798788858, 1.0, 0.9517046109927947, 1.0, 0.9423294291463219, 1.0, 0.9544303178012308, 1.0, 0.9474306654133164, 1.0, 0.9542567713230025, 1.0, 0.9462182462735784, 1.0, 0.950138454658081, 1.0, 0.9525045859381218, 1.0, 0.9492572429749647, 1.0, 0.9475619688796375, 1.0, 0.954462054099076, 1.0, 0.9523948991287319, 1.0, 0.9455457832877445, 0.8984971563830534, 1.0, 0.9417257166406711, 1.0, 0.9525833465432406, 1.0, 0.9554575342596122, 0.899904655032283, 0.0, 0.9445946833620005, 0.8998397294911848, 1.0, 0.9505040871112702, 1.0, 0.9462230853382333, 1.0, 0.9512126021280626, 1.0, 0.9530529287264191, 1.0, 0.9525051667175867, 1.0, 0.9572669223855884, 1.0, 0.9581055427889386, 1.0, 0.94806149220032, 1.0, 0.9443409192893365, 1.0, 0.9480333059383631, 1.0, 0.9520425617418871, 1.0, 0.9535417822364968, 1.0, 0.0, 0.9562460088374376, 0.9061745636804878, 1.0, 0.9442081765540372, 1.0, 0.946007273421969, 1.0, 0.9471314999803071, 0.9001990898439591, 1.0, 0.9568840174643946, 1.0, 0.9476614939934405, 1.0, 0.9484834576903202, 1.0, 0.9555409140836876, 1.0, 0.9445520345085267, 1.0, 0.9491346408785806, 1.0, 0.9477287786242337, 1.0, 0.941535215929023, 1.0, 0.9569870735153018, 1.0, 0.9466325468787806, 1.0, 0.9428219058589328, 1.0, 0.9516544011610722, 1.0, 0.9565700473732195, 1.0, 0.0, 0.9541924538722582, 0.903317655088781, 1.0, 0.9409879554625289, 1.0, 0.9521846908487317, 1.0, 0.0, 0.9497995574367172, 0.9055111897094089, 1.0, 0.9432643685523515, 1.0, 0.9470832101388632, 1.0, 0.9491643914310679, 1.0], "R": [0.0, 0.0, 0.0, 1.0, 0.0, 0.0, 0.0, 0.0, 0.0, 0.0, 0.0, 0.0, 0.0, 0.0, 0.0, 0.0, 0.0, 0.0, 0.0, 0.0, 0.0, 0.0, 0.0, 0.0, 0.0, 0.0, 0.0, 0.0, 0.0, 0.0, 0.0, 0.0, 0.0, 0.0, 0.0, 0.0, 0.0, 0.0, 0.0, 0.0, 0.0, 0.0, 0.0, 0.0, 0.0, 0.0, 0.0, 0.0, 0.0, 0.0, 0.0, 0.0, 0.0, 0.0, 0.0, 0.0, 0.0, 0.0, 0.0, 0.0, 0.0, 0.0, 0.0, 0.0, 0.0, 0.0, 0.0, 0.0, 0.0, 0.0, 0.0, 0.0, 0.0, 0.0, 0.0, 0.0, 0.0, 1.0, 0.0, 0.0, 0.0, 0.0, 0.0, 0.0, 0.0, 0.0, 0.0, 0.0, 0.0, 0.0, 0.0, 0.0, 0.0, 0.0, 0.0, 0.0, 0.0, 0.0, 0.0, 0.0, 0.0, 0.0, 0.0, 0.0, 0.0, 1.0, 0.0, 0.0, 0.0, 0.0, 0.0, 0.0, 0.0, 0.0, 0.0, 0.0, 0.0, 0.0, 0.0, 0.0, 0.0, 0.0, 0.0, 0.0, 0.0, 0.0, 0.0, 0.0, 0.0, 0.0, 0.0, 0.0, 0.0, 0.0, 0.0, 0.0, 0.0, 0.0, 0.0, 0.0, 0.0, 0.0, 1.0, 0.0, 0.0, 0.0, 0.0, 0.0, 0.0, 0.0, 1.0, 0.0, 0.0, 0.0, 0.0, 0.0, 0.0, 0.0, 0.0, 0.0], "S": [1.0, 0.0, 1.0, 0.0, 0.0, 1.0, 0.0, 1.0, 0.0, 1.0, 0.0, 1.0, 0.0, 1.0, 0.0, 1.0, 0.0, 1.0, 0.0, 1.0, 0.0, 1.0, 0.0, 1.0, 0.0, 1.0, 0.0, 1.0, 0.0, 1.0, 0.0, 1.0, 0.0, 1.0, 0.0, 1.0, 0.0, 1.0, 0.0, 1.0, 0.0, 1.0, 0.0, 1.0, 0.0, 1.0, 0.0, 1.0, 0.0, 1.0, 0.0, 1.0, 0.0, 1.0, 0.0, 1.0, 0.0, 1.0, 0.0, 1.0, 0.0, 1.0, 0.0, 1.0, 0.0, 1.0, 0.0, 1.0, 0.0, 0.0, 1.0, 0.0, 1.0, 0.0, 1.0, 0.0, 0.0, 0.0, 1.0, 0.0, 1.0, 0.0, 1.0, 0.0, 1.0, 0.0, 1.0, 0.0, 1.0, 0.0, 1.0, 0.0, 1.0, 0.0, 1.0, 0.0, 1.0, 0.0, 1.0, 0.0, 1.0, 0.0, 1.0, 0.0, 1.0, 0.0, 1.0, 0.0, 1.0, 0.0, 1.0, 0.0, 1.0, 0.0, 0.0, 1.0, 0.0, 1.0, 0.0, 1.0, 0.0, 1.0, 0.0, 1.0, 0.0, 1.0, 0.0, 1.0, 0.0, 1.0, 0.0, 1.0, 0.0, 1.0, 0.0, 1.0, 0.0, 1.0, 0.0, 1.0, 0.0, 1.0, 0.0, 1.0, 0.0, 1.0, 0.0, 1.0, 0.0, 1.0, 0.0, 1.0, 0.0, 1.0, 0.0, 1.0, 0.0, 1.0, 0.0, 1.0], "phi": [0.05, 0.05, 0.05, 0.05, 0.05, 0.05, 0.05, 0.05, 0.05, 0.05, 0.05, 0.05, 0.05, 0.05, 0.05, 0.05, 0.05, 0.05, 0.05, 0.05, 0.05, 0.05, 0.05, 0.05, 0.05, 0.05, 0.05, 0.05, 0.05, 0.05, 0.05, 0.05, 0.05, 0.05, 0.05, 0.05, 0.05, 0.05, 0.05, 0.05, 0.05, 0.05, 0.05, 0.05, 0.05, 0.05, 0.05, 0.05, 0.05, 0.05, 0.05, 0.05, 0.05, 0.05, 0.05, 0.05, 0.05, 0.05, 0.05, 0.05, 0.05, 0.05, 0.05, 0.05, 0.05, 0.05, 0.05, 0.05, 0.05, 0.05, 0.05, 0.05, 0.05, 0.05, 0.05, 0.05, 0.05, 0.05, 0.05, 0.05, 0.05, 0.05, 0.05, 0.05, 0.05, 0.05, 0.05, 0.05, 0.05, 0.05, 0.05, 0.05, 0.05, 0.05, 0.05, 0.05, 0.05, 0.05, 0.05, 0.05, 0.05, 0.05, 0.05, 0.05, 0.05, 0.05, 0.05, 0.05, 0.05, 0.05, 0.05, 0.05, 0.05, 0.05, 0.05, 0.05, 0.05, 0.05, 0.05, 0.05, 0.05, 0.05, 0.05, 0.05, 0.05, 0.05, 0.05, 0.05, 0.05, 0.05, 0.05, 0.05, 0.05, 0.05, 0.05, 0.05, 0.05, 0.05, 0.05, 0.05, 0.05, 0.05, 0.05, 0.05, 0.05, 0.05, 0.05, 0.05, 0.05, 0.05, 0.05, 0.05, 0.05, 0.05, 0.05, 0.05, 0.05, 0.05, 0.05, 0.05],