{"EA": [1.0, 1.0, 1.0, 0.4991912230680124, 0.5089877742178446, 1.0, 1.0, 0.5014828069216448, 0.49422785943050584, 1.0, 1.0, 0.4985402366458719, 0.5019312152133125, 1.0, 1.0, 1.0, 1.0, 1.0, 1.0, 1.0, 1.0, 1.0, 1.0, 1.0, 1.0, 1.0, 1.0, 1.0, 1.0, 0.5193287759708506, 0.5237362054905749, 1.0, 1.0, 1.0, 1.0, 1.0, 1.0, 1.0, 1.0, 1.0, 1.0, 1.0, 1.0, 1.0, 1.0, 1.0, 1.0, 1.0, 1.0, 1.0, 1.0, 1.0, 1.0, 1.0, 1.0, 0.5118981813873222, 0.5262905720262789, 1.0, 1.0, 1.0, 0.5152426081397241, 0.5176672801399537, 1.0, 1.0, 1.0, 0.5155686473010649, 1.0, 1.0, 1.0, 0.49591499280369555, 0.4980316253604875, 1.0, 1.0, 1.0, 1.0, 1.0, 1.0, 1.0, 1.0, 1.0, 0.5123773986686011, 0.520709354270491, 1.0, 1.0, 1.0, 1.0, 1.0, 1.0, 1.0, 1.0, 0.493403260554313, 0.4933914664187481, 0.9940034947529793, 1.0, 1.0, 1.0, 0.4903316084944622, 0.4923650143251147, 1.0, 1.0, 1.0, 1.0, 1.0, 1.0, 1.0, 1.0, 0.4977678319272474, 1.0, 1.0, 1.0, 1.0, 1.0, 1.0, 1.0, 0.49868339048693017, 0.48686156024359256, 1.0, 1.0, 0.5098421187656492, 0.5105153148282958, 0.9952788375073772, 1.0, 0.5148722296450428, 1.0, 1.0, 1.0, 0.5146419937029297, 1.0, 1.0, 1.0, 1.0, 1.0, 1.0, 0.5077628090774482, 0.4957658612969171, 0.9898710014840573, 1.0, 0.5197038559399411, 1.0, 1.0, 1.0, 1.0, 1.0, 1.0, 0.5011689295589538, 0.4934663233044254, 1.0, 1.0, 0.5006677045239114, 0.49966711777503114, 1.0, 1.0, 1.0, 1.0, 0.4969329866822953, 1.0, 1.0, 1.0, 0.49778358874404244, 0.4976017006579002, 1.0, 1.0, 0.5082643685523516, 0.5058570655659548, 1.0, 1.0, 1.0, 1.0, 1.0, 1.0, 1.0, 1.0, 1.0, 1.0, 1.0, 1.0, 1.0, 0.4946165491538744, 1.0, 1.0, 1.0, 1.0, 1.0, 1.0, 0.5128662144155882, 0.5104629832259222, 1.0, 1.0, 1.0, 1.0, 1.0, 1.0, 1.0, 1.0, 1.0, 1.0, 1.0, 0.501621796408608, 0.5041438860738742, 1.0], "DT": [1.0, 1.0, 1.0, 0.5041127245605159, 1.0, 1.0, 1.0, 0.501806978027542, 1.0, 1.0, 1.0, 0.4929231462897479, 0.992550916710917, 1.0, 1.0, 1.0, 1.0, 1.0, 1.0, 1.0, 1.0, 1.0, 1.0, 1.0, 1.0, 1.0, 1.0, 1.0, 1.0, 0.5315888351621856, 1.0, 1.0, 1.0, 1.0, 1.0, 1.0, 1.0, 1.0, 1.0, 1.0, 1.0, 1.0, 1.0, 1.0, 1.0, 1.0, 1.0, 1.0, 1.0, 1.0, 1.0, 1.0, 1.0, 1.0, 1.0, 0.5286247415142418, 1.0, 1.0, 1.0, 1.0, 0.5258452494179449, 1.0, 1.0, 1.0, 1.0, 0.5319722607118915, 1.0, 1.0, 1.0, 0.5023948991287319, 0.9977840725078438, 1.0, 1.0, 1.0, 1.0, 1.0, 1.0, 1.0, 1.0, 1.0, 0.5324468728061397, 1.0, 1.0, 1.0, 1.0, 1.0, 1.0, 1.0, 1.0, 1.0, 0.4988687739049566, 0.9912360145964679, 1.0, 1.0, 1.0, 1.0, 0.49396302084176813, 0.9997985354136864, 1.0, 1.0, 1.0, 1.0, 1.0, 1.0, 1.0, 1.0, 0.5009704499644916, 1.0, 1.0, 1.0, 1.0, 1.0, 1.0, 1.0, 0.4979835524901344, 0.9970884926545469, 1.0, 1.0, 0.527353508812269, 1.0, 1.0, 1.0, 0.5358636450962968, 1.0, 1.0, 1.0, 0.5298138888174508, 1.0, 1.0, 1.0, 1.0, 1.0, 1.0, 0.5082100758006819, 0.9999830820658974, 1.0, 1.0, 0.5251540019484312, 1.0, 1.0, 1.0, 1.0, 1.0, 1.0, 0.49222052176898184, 1.0, 1.0, 1.0, 0.4992376508180973, 1.0, 1.0, 1.0, 1.0, 1.0, 0.49848765156755936, 1.0, 1.0, 1.0, 0.4955759864298655, 0.9922306227365658, 1.0, 1.0, 0.5251419298074468, 1.0, 1.0, 1.0, 1.0, 1.0, 1.0, 1.0, 1.0, 1.0, 1.0, 1.0, 1.0, 1.0, 1.0, 0.49813896611964475, 1.0, 1.0, 1.0, 1.0, 1.0, 1.0, 0.5272908250616568, 1.0, 1.0, 1.0, 1.0, 1.0, 1.0, 1.0, 1.0, 1.0, 1.0, 1.0, 1.0, 0.49798966627741664, 0.9914059220433064, 1.0], "D": [0.0, 0.0, 0.0, 0.49389578175014487, 0.0, 0.0, 0.0, 0.5076901828323298, 0.008148986715007318, 0.0, 0.0, 0.4978967733861732, 0.0, 0.0, 0.0, 0.0, 0.0, 0.0, 0.0, 0.0, 0.0, 0.0, 0.0, 0.0, 0.0, 0.0, 0.0, 0.0, 0.0, 0.4919388634641274, 0.0, 0.0, 0.0, 0.0, 0.0, 0.0, 0.0, 0.0, 0.0, 0.0, 0.0, 0.0, 0.0, 0.0, 0.0, 0.0, 0.0, 0.0, 0.0, 0.0, 0.0, 0.0, 0.0, 0.0, 0.0, 0.48849039417632206, 0.0038847982185982507, 0.0, 0.0, 0.0, 0.5013522841288992, 0.005109219745758151, 0.0, 0.0, 0.0, 0.4978950775958987, 0.0, 0.0, 0.0, 0.5016683105264348, 0.006016340126963092, 0.0, 0.0, 0.0, 0.0, 0.0, 0.0, 0.0, 0.0, 0.0, 0.49388936095554026, 0.0, 0.0, 0.0, 0.0, 0.0, 0.0, 0.0, 0.0, 0.0, 0.5053228433901334, 0.005033318853444523, 0.0, 0.0, 0.0, 0.0, 0.4946471096016142, 0.002752652390552753, 0.0, 0.0, 0.0, 0.0, 0.0, 0.0, 0.0, 0.0, 0.5053681587492989, 0.0, 0.0, 0.0, 0.0, 0.0, 0.0, 0.0, 0.5120101314091773, 0.008350745981026197, 0.0, 0.0, 0.5030934327392396, 0.005914819679373247, 0.0, 0.0, 0.5027180007729721, 0.0, 0.0, 0.0, 0.5036381477181849, 0.0, 0.0, 0.0, 0.0, 0.0, 0.0, 0.5050490854467131, 0.010161937606761321, 0.0, 0.0, 0.5027551865112126, 0.0, 0.0, 0.0, 0.0, 0.0, 0.0, 0.5016544011610723, 0.00374949620790252, 0.0, 0.0, 0.503540543383443, 0.01600554097060696, 0.0, 0.0, 0.0, 0.0, 0.49805911590729385, 0.0, 0.0, 0.0, 0.4991352697003829, 0.0043347931373632935, 0.0, 0.0, 0.5060020695397222, 0.002218094096874851, 0.0, 0.0, 0.0, 0.0, 0.0, 0.0, 0.0, 0.0, 0.0, 0.0, 0.0, 0.0, 0.0, 0.5054437430985209, 0.0, 0.0, 0.0, 0.0, 0.0, 0.0, 0.5031648087575491, 0.0, 0.0, 0.0, 0.0, 0.0, 0.0, 0.0, 0.0, 0.0, 0.0, 0.0, 0.0, 0.5026213233882159, 0.006239376324360232, 0.0], "R": [1.0, 0.0, 0.0, 0.0, 0.0, 1.0, 0.0, 0.0, 0.0, 1.0, 0.0, 0.0, 0.0, 1.0, 0.0, 0.0, 0.0, 0.0, 1.0, 0.0, 0.0, 0.0, 0.0, 1.0, 0.0, 0.0, 0.0, 1.0, 0.0, 0.0, 0.0, 1.0, 0.0, 0.0, 0.0, 1.0, 0.0, 0.0, 0.0, 1.0, 0.0, 0.0, 0.0, 0.0, 1.0, 0.0, 0.0, 0.0, 0.0, 0.0, 1.0, 0.0, 0.0, 0.0, 1.0, 0.0, 0.0, 0.0, 1.0, 0.0, 0.0, 0.0, 1.0, 0.0, 0.0, 0.0, 1.0, 0.0, 0.0, 0.0, 0.0, 1.0, 0.0, 0.0, 0.0, 1.0, 0.0, 0.0, 0.0, 1.0, 0.0, 0.0, 0.0, 1.0, 0.0, 0.0, 0.0, 1.0, 0.0, 0.0, 0.0, 0.0, 0.0, 0.0, 1.0, 0.0, 0.0, 0.0, 1.0, 0.0, 0.0, 0.0, 1.0, 0.0, 0.0, 0.0, 0.0, 1.0, 0.0, 0.0, 0.0, 0.0, 1.0, 0.0, 0.0, 0.0, 1.0, 0.0, 0.0, 0.0, 0.0, 0.0, 0.0, 1.0, 0.0, 0.0, 0.0, 1.0, 0.0, 0.0, 0.0, 0.0, 0.0, 0.0, 0.0, 0.0, 0.0, 0.0, 1.0, 0.0, 0.0, 0.0, 1.0, 0.0, 0.0, 0.0, 1.0, 0.0, 0.0, 0.0, 1.0, 0.0, 0.0, 0.0, 0.0, 1.0, 0.0, 0.0, 0.0, 0.0, 1.0, 0.0, 0.0, 0.0, 1.0, 0.0, 0.0, 0.0, 1.0, 0.0, 0.0, 0.0, 0.0, 1.0, 0.0, 0.0, 0.0, 0.0, 1.0, 0.0, 0.0, 0.0, 1.0, 0.0, 0.0, 0.0, 0.0, 1.0, 0.0, 0.0, 0.0, 1.0, 0.0, 0.0, 0.0, 1.0, 0.0, 0.0, 0.0, 0.0], "S": [0.0, 0.0, 0.0, 1.0, 0.0, 0.0, 0.0, 1.0, 0.0, 0.0, 0.0, 1.0, 0.0, 0.0, 0.0, 0.0, 0.0, 0.0, 0.0, 0.0, 0.0, 0.0, 0.0, 0.0, 0.0, 0.0, 0.0, 0.0, 0.0, 1.0, 0.0, 0.0, 0.0, 0.0, 0.0, 0.0, 0.0, 0.0, 0.0, 0.0, 0.0, 0.0, 0.0, 0.0, 0.0, 0.0, 0.0, 0.0, 0.0, 0.0, 0.0, 0.0, 0.0, 0.0, 0.0, 1.0, 0.0, 0.0, 0.0, 0.0, 1.0, 0.0, 0.0, 0.0, 0.0, 1.0, 0.0, 0.0, 0.0, 1.0, 0.0, 0.0, 0.0, 0.0, 0.0, 0.0, 0.0, 0.0, 0.0, 0.0, 1.0, 0.0, 0.0, 0.0, 0.0, 0.0, 0.0, 0.0, 0.0, 0.0, 1.0, 0.0, 0.0, 0.0, 0.0, 0.0, 1.0, 0.0, 0.0, 0.0, 0.0, 0.0, 0.0, 0.0, 0.0, 0.0, 1.0, 0.0, 0.0, 0.0, 0.0, 0.0, 0.0, 0.0, 1.0, 0.0, 0.0, 0.0, 1.0, 0.0, 0.0, 0.0, 1.0, 0.0, 0.0, 0.0, 1.0, 0.0, 0.0, 0.0, 0.0, 0.0, 0.0, 1.0, 0.0, 0.0, 0.0, 1.0, 0.0, 0.0, 0.0, 0.0, 0.0, 0.0, 1.0, 0.0, 0.0, 0.0, 1.0, 0.0, 0.0, 0.0, 0.0, 0.0, 1.0, 0.0, 0.0, 0.0, 1.0, 0.0, 0.0, 0.0, 1.0, 0.0, 0.0, 0.0, 0.0, 0.0, 0.0, 0.0, 0.0, 0.0, 0.0, 0.0, 0.0, 0.0, 0.0, 1.0, 0.0, 0.0, 0.0, 0.0, 0.0, 0.0, 1.0, 0.0, 0.0, 0.0, 0.0, 0.0, 0.0, 0.0, 0.0, 0.0, 0.0, 0.0, 0.0, 1.0, 0.0, 0.0], "phi": [0.5, 0.5, 0.5, 0.5, 0.5, 0.5, 0.5, 0.5, 0.5, 0.5, 0.5, 0.5, 0.5, 0.5, 0.5, 0.5, 0.5, 0.5, 0.5, 0.5, 0.5, 0.5, 0.5, 0.5, 0.5, 0.5, 0.5, 0.5, 0.5, 0.5, 0.5, 0.5, 0.5, 0.5, 0.5, 0.5, 0.5, 0.5, 0.5, 0.5, 0.5, 0.5, 0.5, 0.5, 0.5, 0.5, 0.5, 0.5, 0.5, 0.5, 0.5, 0.5, 0.5, 0.5, 0.5, 0.5, 0.5, 0.5, 0.5, 0.5, 0.5, 0.5, 0.5, 0.5, 0.5, 0.5, 0.5, 0.5, 0.5, 0.5, 0.5, 0.5, 0.5, 0.5, 0.5, 0.5, 0.5, 0.5, 0.5, 0.5, 0.5, 0.5, 0.5, 0.5, 0.5, 0.5, 0.5, 0.5, 0.5, 0.5, 0.5, 0.5, 0.5, 0.5, 0.5, 0.5, 0.5, 0.5, 0.5, 0.5, 0.5, 0.5, 0.5, 0.5, 0.5, 0.5, 0.5, 0.5, 0.5, 0.5, 0.5, 0.5, 0.5, 0.5, 0.5, 0.5, 0.5, 0.5, 0.5, 0.5, 0.5, 0.5, 0.5, 0.5, 0.5, 0.5, 0.5, 0.5, 0.5, 0.5, 0.5, 0.5, 0.5, 0.5, 0.5, 0.5, 0.5, 0.5, 0.5, 0.5, 0.5, 0.5, 0.5, 0.5, 0.5, 0.5, 0.5, 0.5, 0.5, 0.5, 0.5, 0.5, 0.5, 0.5, 0.5, 0.5, 0.5, 0.5, 0.5, 0.5, 0.5, 0.5, 0.5, 0.5, 0.5, 0.5, 0.5, 0.5, 0.5, 0.5, 0.5, 0.5, 0.5, 0.5, 0.5, 0.5, 0.5, 0.5, 0.5, 0.5, 0.5, 0.5, 0.5, 0.5, 0.5, 0.5, 0.5, 0.5, 0.5, 0.5, 0.5, 0.5, 0.5, 0.5, 0.5, 0.5, 0.5, 0.5, 0.5, 0.5],