{"EA": [1.0, 1.0, 1.0, 0.29919122306801244, 0.0, 0.0, 0.20441178344776464, 0.4984307503273612, 0.7853320248069124, 1.0, 1.0, 0.2988270643331243, 0.0, 0.0, 0.20429131559888458, 0.5089071286405944, 0.8120098697204031, 1.0, 1.0, 1.0, 0.2955524278518724, 0.0, 0.9040506343847435, 1.0, 1.0, 1.0, 1.0, 1.0, 1.0, 1.0, 1.0, 1.0, 0.30034901042495016, 0.0, 0.9073059663420803, 1.0, 1.0, 1.0, 1.0, 0.30678940394049997, 0.0, 0.0, 1.0, 1.0, 1.0, 1.0, 1.0, 1.0, 0.30775575987761267, 0.9067171287120652, 1.0, 1.0, 1.0, 1.0, 1.0, 1.0, 0.2919677683987122, 0.0, 0.0, 0.21076105875375947, 0.5078772021009178, 0.8105940030628174, 1.0, 1.0, 1.0, 0.2979406151693877, 0.0, 0.0, 0.1929623338949152, 0.4949725062951498, 0.7868114158980072, 1.0, 1.0, 1.0, 0.3042612324451514, 0.0, 0.0, 0.21248710875473034, 0.5065994669283557, 0.7999667718478068, 1.0, 1.0, 1.0, 1.0, 0.30009216966532704, 0.0, 0.0, 0.19009308663135227, 1.0, 1.0, 1.0, 1.0, 1.0, 0.30250516671758676, 0.0, 0.0, 0.1917739903453716, 0.49070404612424406, 0.7875883434921203, 1.0, 1.0, 1.0, 1.0, 1.0, 1.0, 1.0, 1.0, 0.3048250748053162, 0.0, 0.0, 0.19520356740402603, 0.49748733349979496, 1.0, 1.0, 1.0, 1.0, 1.0, 1.0, 1.0, 0.29951685546688395, 0.0, 0.0, 0.20358052292540083, 0.5017274512649702, 0.8014928483705742, 1.0, 1.0, 1.0, 1.0, 1.0, 1.0, 1.0, 1.0, 1.0, 1.0, 1.0, 1.0, 1.0, 0.3069870735153019, 0.0, 0.0, 0.19408972591836124, 0.49566164338863544, 0.8011818890710523, 1.0, 1.0, 0.30084680412018044, 0.0, 0.8995008259371483, 1.0, 1.0, 1.0, 1.0, 0.2950384336698196, 0.0, 0.0, 0.19595790117614514, 0.48694799898824503, 1.0, 1.0, 1.0, 0.3008419759623763, 0.0, 0.0, 0.19824999465633075, 0.4884182117094507, 0.7875826031405186, 1.0, 1.0, 1.0, 1.0, 1.0, 1.0, 1.0, 0.3034819372372836, 0.0, 0.902140953796725, 1.0, 1.0, 1.0, 1.0, 0.3078405239735911, 0.0, 0.0, 0.19654191958154368, 0.5010615937869747, 1.0, 1.0, 1.0, 1.0, 1.0, 1.0, 1.0, 0.30111977639044873, 0.0, 0.8977257021588966, 1.0, 1.0, 1.0, 1.0], "DT": [1.0, 1.0, 1.0, 0.30411272456051597, 0.6049695659664659, 0.9065899858134399, 1.0, 1.0, 1.0, 1.0, 1.0, 0.30226468163266756, 0.5938971585227164, 0.8910236124846495, 1.0, 1.0, 1.0, 1.0, 1.0, 1.0, 0.29592094857517287, 0.5990492853139979, 1.0, 1.0, 1.0, 1.0, 1.0, 1.0, 1.0, 1.0, 1.0, 1.0, 0.29807343201569125, 0.5994783913543664, 1.0, 1.0, 1.0, 1.0, 1.0, 0.29764480847190844, 0.5968451158220912, 0.8963013150798068, 1.0, 1.0, 1.0, 1.0, 1.0, 1.0, 0.30057837317146435, 1.0, 1.0, 1.0, 1.0, 1.0, 1.0, 1.0, 0.30101731817933614, 0.6014041597175742, 0.9109512429199248, 1.0, 1.0, 1.0, 1.0, 1.0, 1.0, 0.3027174157648189, 0.5915657662266895, 0.8871416865170997, 1.0, 1.0, 1.0, 1.0, 1.0, 1.0, 0.2883963131301094, 0.5883630458569531, 0.8909463924001938, 1.0, 1.0, 1.0, 1.0, 1.0, 1.0, 1.0, 0.3017379085268084, 0.6030180571983778, 0.8993893381326103, 1.0, 1.0, 1.0, 1.0, 1.0, 1.0, 0.3062787806278677, 0.6107269346059848, 0.9084994219989809, 1.0, 1.0, 1.0, 1.0, 1.0, 1.0, 1.0, 1.0, 1.0, 1.0, 1.0, 0.2972053907636421, 0.5862113609805417, 0.8894623668703351, 1.0, 1.0, 1.0, 1.0, 1.0, 1.0, 1.0, 1.0, 1.0, 0.30019001739084106, 0.6080599512072912, 0.907196814707587, 1.0, 1.0, 1.0, 1.0, 1.0, 1.0, 1.0, 1.0, 1.0, 1.0, 1.0, 1.0, 1.0, 1.0, 1.0, 1.0, 0.29962427916594997, 0.6021224646715797, 0.8993202239141321, 1.0, 1.0, 1.0, 1.0, 1.0, 0.29293142751547513, 0.5874698636921122, 1.0, 1.0, 1.0, 1.0, 1.0, 0.3002832496244856, 0.6032828932744667, 0.9002158799567621, 1.0, 1.0, 1.0, 1.0, 1.0, 0.31006693623763315, 0.6127502000002696, 0.9193911707095149, 1.0, 1.0, 1.0, 1.0, 1.0, 1.0, 1.0, 1.0, 1.0, 1.0, 0.3047765260428526, 0.6123437747590632, 1.0, 1.0, 1.0, 1.0, 1.0, 0.2878787986986353, 0.5852335353119039, 0.8815605774279136, 1.0, 1.0, 1.0, 1.0, 1.0, 1.0, 1.0, 1.0, 1.0, 0.3016924192173085, 0.5986533092818364, 1.0, 1.0, 1.0, 1.0, 1.0], "D": [0.0, 0.0, 0.0, 0.6938957817501449, 0.3933175403382037, 0.09139212893612214, 0.0, 0.0, 0.0, 0.0, 0.0, 0.6991696954582446, 0.39380703628606634, 0.09169954518436693, 0.0, 0.0, 0.0, 0.0, 0.0, 0.0, 0.6996144914529294, 0.39532870367084805, 0.0, 0.0, 0.0, 0.0, 0.0, 0.0, 0.0, 0.0, 0.0, 0.0, 0.7005675867262562, 0.39745408912715324, 0.0, 0.0, 0.0, 0.0, 0.0, 0.7011602496867881, 0.4010651686472747, 0.10307372725776942, 0.0, 0.0, 0.0, 0.0, 0.0, 0.0, 0.7058964859203191, 0.0, 0.0, 0.0, 0.0, 0.0, 0.0, 0.0, 0.6962182462735784, 0.39191182526693713, 0.08491898739784144, 0.0, 0.0, 0.0, 0.0, 0.0, 0.0, 0.7051746046354029, 0.41043256983876125, 0.11186727614488275, 0.0, 0.0, 0.0, 0.0, 0.0, 0.0, 0.6988506021427681, 0.39225487691675837, 0.08825932406263205, 0.0, 0.0, 0.0, 0.0, 0.0, 0.0, 0.0, 0.6973012015984531, 0.40221465651818067, 0.10314849034056607, 0.0, 0.0, 0.0, 0.0, 0.0, 0.0, 0.6955269634889024, 0.39593838343527954, 0.10320530582086805, 0.0, 0.0, 0.0, 0.0, 0.0, 0.0, 0.0, 0.0, 0.0, 0.0, 0.0, 0.7018860593753226, 0.4040861316255892, 0.1035902523066923, 0.0, 0.0, 0.0, 0.0, 0.0, 0.0, 0.0, 0.0, 0.0, 0.7006001566335912, 0.3944713283185795, 0.09888962800601288, 0.0, 0.0, 0.0, 0.0, 0.0, 0.0, 0.0, 0.0, 0.0, 0.0, 0.0, 0.0, 0.0, 0.0, 0.0, 0.0, 0.6971051837240291, 0.3906233041277099, 0.09972116936120319, 0.0, 0.0, 0.0, 0.0, 0.0, 0.6994438696932564, 0.39786182744478243, 0.0, 0.0, 0.0, 0.0, 0.0, 0.7026484637717836, 0.4103022179335021, 0.10878986950106145, 0.0, 0.0, 0.0, 0.0, 0.0, 0.7006826766554136, 0.4066111974287286, 0.1093923474757319, 0.0, 0.0, 0.0, 0.0, 0.0, 0.0, 0.0, 0.0, 0.0, 0.0, 0.7004420344314591, 0.40359609285423304, 0.0, 0.0, 0.0, 0.0, 0.0, 0.7044202269818052, 0.4083915503799143, 0.10434028819484242, 0.0, 0.0, 0.0, 0.0, 0.0, 0.0, 0.0, 0.0, 0.0, 0.6985229929493048, 0.40500796568211034, 0.0, 0.0, 0.0, 0.0, 0.0], "R": [1.0, 0.0, 0.0, 0.0, 0.0, 0.0, 0.0, 0.0, 0.0, 0.0, 0.0, 0.0, 0.0, 0.0, 0.0, 0.0, 0.0, 0.0, 0.0, 0.0, 0.0, 0.0, 1.0, 0.0, 0.0, 0.0, 0.0, 0.0, 0.0, 0.0, 0.0, 0.0, 0.0, 0.0, 1.0, 0.0, 0.0, 0.0, 0.0, 0.0, 0.0, 0.0, 1.0, 0.0, 0.0, 0.0, 0.0, 0.0, 0.0, 1.0, 0.0, 0.0, 0.0, 0.0, 0.0, 0.0, 0.0, 0.0, 0.0, 0.0, 0.0, 0.0, 0.0, 0.0, 0.0, 0.0, 0.0, 0.0, 0.0, 0.0, 0.0, 0.0, 0.0, 1.0, 0.0, 0.0, 0.0, 0.0, 0.0, 0.0, 0.0, 0.0, 0.0, 0.0, 0.0, 0.0, 0.0, 0.0, 1.0, 0.0, 0.0, 0.0, 0.0, 0.0, 0.0, 0.0, 0.0, 0.0, 0.0, 0.0, 0.0, 0.0, 0.0, 0.0, 1.0, 0.0, 0.0, 0.0, 0.0, 0.0, 0.0, 0.0, 1.0, 0.0, 0.0, 0.0, 0.0, 0.0, 0.0, 0.0, 0.0, 0.0, 0.0, 0.0, 0.0, 0.0, 0.0, 0.0, 1.0, 0.0, 0.0, 0.0, 0.0, 0.0, 0.0, 0.0, 1.0, 0.0, 0.0, 0.0, 0.0, 0.0, 0.0, 0.0, 0.0, 0.0, 0.0, 0.0, 1.0, 0.0, 0.0, 0.0, 0.0, 0.0, 0.0, 0.0, 0.0, 0.0, 1.0, 0.0, 0.0, 0.0, 0.0, 0.0, 0.0, 0.0, 0.0, 0.0, 0.0, 1.0, 0.0, 0.0, 0.0, 0.0, 0.0, 0.0, 1.0, 0.0, 0.0, 0.0, 0.0, 0.0, 0.0, 0.0, 0.0, 0.0, 1.0, 0.0, 0.0, 0.0, 0.0, 0.0, 0.0, 0.0, 0.0, 1.0, 0.0, 0.0, 0.0, 0.0], "S": [0.0, 0.0, 0.0, 1.0, 0.0, 0.0, 0.0, 0.0, 0.0, 0.0, 0.0, 1.0, 0.0, 0.0, 0.0, 0.0, 0.0, 0.0, 0.0, 0.0, 1.0, 0.0, 0.0, 0.0, 0.0, 0.0, 0.0, 0.0, 0.0, 0.0, 0.0, 0.0, 1.0, 0.0, 0.0, 0.0, 0.0, 0.0, 0.0, 1.0, 0.0, 0.0, 0.0, 0.0, 0.0, 0.0, 0.0, 0.0, 1.0, 0.0, 0.0, 0.0, 0.0, 0.0, 0.0, 0.0, 1.0, 0.0, 0.0, 0.0, 0.0, 0.0, 0.0, 0.0, 0.0, 1.0, 0.0, 0.0, 0.0, 0.0, 0.0, 0.0, 0.0, 0.0, 1.0, 0.0, 0.0, 0.0, 0.0, 0.0, 0.0, 0.0, 0.0, 0.0, 1.0, 0.0, 0.0, 0.0, 0.0, 0.0, 0.0, 0.0, 0.0, 1.0, 0.0, 0.0, 0.0, 0.0, 0.0, 0.0, 0.0, 0.0, 0.0, 0.0, 0.0, 0.0, 0.0, 1.0, 0.0, 0.0, 0.0, 0.0, 0.0, 0.0, 0.0, 0.0, 0.0, 0.0, 0.0, 1.0, 0.0, 0.0, 0.0, 0.0, 0.0, 0.0, 0.0, 0.0, 0.0, 0.0, 0.0, 0.0, 0.0, 0.0, 0.0, 0.0, 0.0, 0.0, 1.0, 0.0, 0.0, 0.0, 0.0, 0.0, 0.0, 0.0, 1.0, 0.0, 0.0, 0.0, 0.0, 0.0, 0.0, 1.0, 0.0, 0.0, 0.0, 0.0, 0.0, 0.0, 0.0, 1.0, 0.0, 0.0, 0.0, 0.0, 0.0, 0.0, 0.0, 0.0, 0.0, 0.0, 0.0, 0.0, 1.0, 0.0, 0.0, 0.0, 0.0, 0.0, 0.0, 1.0, 0.0, 0.0, 0.0, 0.0, 0.0, 0.0, 0.0, 0.0, 0.0, 0.0, 0.0, 1.0, 0.0, 0.0, 0.0, 0.0, 0.0, 0.0],